Compound;Model ID;Energy;nRot
PubChem-136249466;1;-12.1;8
PubChem-53967840;1;-12;10
PubChem-44597462;1;-11.7;0
PubChem-129211239;1;-11.5;9
PubChem-23789012;1;-11.1;9
PubChem-101158011;1;-11.1;7
PubChem-59384211;1;-11;8
PubChem-23902013;1;-11;7
PubChem-135860710;1;-11;11
PubChem-135507304;1;-10.9;5
PubChem-136268766;1;-10.9;15
PubChem-101095333;1;-10.8;6
PubChem-101502005;1;-10.7;11
PubChem-11684045;1;-10.7;12
PubChem-53344646;1;-10.7;6
PubChem-136268767;1;-10.7;15
PubChem-135860711;1;-10.7;11
PubChem-122130576;1;-10.6;7
PubChem-74383029;1;-10.6;10
PubChem-87226553;1;-10.5;6
PubChem-70139262;1;-10.5;14
PubChem-134380426;1;-10.4;7
PubChem-137551595;1;-10.4;13
PubChem-44597578;1;-10.4;0
PubChem-118701402;1;-10.4;7
PubChem-73358;1;-10.4;7
PubChem-90860641;1;-10.4;5
PubChem-122130185;1;-10.4;7
PubChem-5458396;1;-10.4;7
PubChem-45358140;1;-10.4;7
PubChem-174826;1;-10.4;7
PubChem-89276315;1;-10.3;12
PubChem-70695787;1;-10.3;0
PubChem-21026347;1;-10.3;11
PubChem-9917685;1;-10.2;11
PubChem-57218328;1;-10.2;19
PubChem-67683855;1;-10.2;12
PubChem-88728283;1;-10.2;20
PubChem-5327923;1;-10.2;8
PubChem-23958041;1;-10.1;12
PubChem-21626708;1;-10.1;7
PubChem-70006566;1;-10;12
PubChem-53801614;1;-10;10
PubChem-92282304;1;-10;7
PubChem-18173561;1;-10;12
PubChem-125041131;1;-9.9;8
PubChem-90352444;1;-9.9;15
PubChem-9808486;1;-9.9;9
PubChem-50994836;1;-9.9;8
PubChem-97044905;1;-9.9;2
PubChem-135134196;1;-9.9;12
PubChem-11764809;1;-9.8;7
PubChem-23344706;1;-9.8;10
PubChem-44601577;1;-9.8;8
PubChem-96544992;1;-9.8;15
PubChem-129175832;1;-9.8;6
PubChem-101881015;1;-9.8;9
PubChem-68180571;1;-9.8;13
PubChem-91111956;1;-9.8;9
PubChem-77108153;1;-9.8;9
PubChem-67683770;1;-9.8;14
PubChem-137167880;1;-9.8;5
PubChem-118692872;1;-9.8;12
PubChem-70025305;1;-9.8;7
PubChem-91506892;1;-9.8;11
PubChem-102091069;1;-9.7;8
PubChem-91418019;1;-9.7;15
PubChem-135170071;1;-9.7;10
PubChem-46226452;1;-9.7;9
PubChem-67683829;1;-9.7;13
PubChem-24871142;1;-9.7;7
PubChem-69988889;1;-9.7;10
PubChem-21026351;1;-9.7;14
PubChem-54507190;1;-9.7;5
PubChem-10409180;1;-9.7;11
PubChem-117916656;1;-9.7;3
PubChem-100918690;1;-9.7;8
PubChem-13263868;1;-9.7;6
PubChem-123216947;1;-9.6;13
PubChem-9819810;1;-9.6;5
PubChem-70025304;1;-9.6;7
PubChem-46226445;1;-9.6;11
PubChem-22749438;1;-9.6;4
PubChem-23928057;1;-9.6;10
PubChem-17935134;1;-9.6;13
PubChem-86584555;1;-9.6;9
PubChem-136709083;1;-9.6;17
PubChem-101803816;1;-9.6;9
PubChem-10940846;1;-9.6;15
PubChem-54582997;1;-9.6;10
PubChem-54767958;1;-9.5;11
PubChem-71676132;1;-9.5;6
PubChem-20225614;1;-9.5;11
PubChem-12045568;1;-9.5;11
PubChem-71473349;1;-9.5;0
PubChem-95789964;1;-9.5;10
PubChem-23724469;1;-9.5;8
PubChem-101930400;1;-9.5;13
PubChem-71251711;1;-9.5;5
PubChem-44414674;1;-9.5;18
PubChem-57503608;1;-9.5;6
PubChem-123197119;1;-9.4;6
PubChem-70474143;1;-9.4;9
PubChem-126746376;1;-9.4;6
PubChem-71487967;1;-9.4;8
PubChem-23902099;1;-9.4;13
PubChem-5120465;1;-9.4;8
PubChem-102026326;1;-9.4;4
PubChem-46173178;1;-9.4;10
PubChem-25099430;1;-9.4;5
PubChem-121544364;1;-9.4;7
PubChem-53380926;1;-9.4;5
PubChem-72737665;1;-9.4;8
PubChem-9987291;1;-9.4;11
PubChem-67702679;1;-9.4;4
PubChem-73389095;1;-9.4;21
PubChem-56671060;1;-9.4;8
PubChem-60108074;1;-9.4;11
PubChem-86566534;1;-9.4;14
PubChem-23872128;1;-9.4;8
PubChem-59659504;1;-9.4;16
PubChem-87789031;1;-9.4;9
PubChem-44463966;1;-9.4;7
PubChem-22895371;1;-9.4;4
PubChem-44291768;1;-9.4;11
PubChem-23019708;1;-9.4;17
PubChem-69172806;1;-9.4;8
PubChem-88261968;1;-9.4;24
PubChem-1311869;1;-9.4;8
PubChem-136508596;1;-9.4;5
PubChem-97437718;1;-9.4;8
PubChem-124904495;1;-9.3;7
PubChem-23369208;1;-9.3;1
PubChem-9832237;1;-9.3;9
PubChem-44123525;1;-9.3;11
PubChem-121487660;1;-9.3;9
PubChem-131752758;1;-9.3;9
PubChem-16667381;1;-9.3;9
PubChem-134319809;1;-9.3;5
PubChem-57029960;1;-9.3;10
PubChem-90959195;1;-9.3;10
PubChem-23369210;1;-9.3;1
PubChem-131707634;1;-9.3;11
PubChem-6715134;1;-9.3;14
PubChem-124899903;1;-9.3;6
PubChem-89729581;1;-9.3;0
PubChem-132148922;1;-9.3;15
PubChem-68609942;1;-9.3;10
PubChem-68128659;1;-9.3;6
PubChem-10142809;1;-9.3;11
PubChem-12969042;1;-9.3;10
PubChem-126431825;1;-9.3;6
PubChem-86741862;1;-9.3;14
PubChem-128833586;1;-9.3;3
PubChem-45485293;1;-9.3;15
PubChem-44577044;1;-9.3;13
PubChem-59167129;1;-9.3;10
PubChem-76966408;1;-9.3;13
PubChem-70306710;1;-9.3;11
PubChem-124605182;1;-9.3;16
PubChem-118352814;1;-9.3;17
PubChem-11176815;1;-9.3;6
PubChem-16667380;1;-9.3;9
PubChem-24965895;1;-9.3;10
PubChem-57368320;1;-9.3;10
PubChem-68530016;1;-9.3;10
PubChem-118855539;1;-9.3;4
PubChem-23817851;1;-9.2;13
PubChem-46936783;1;-9.2;9
PubChem-25151497;1;-9.2;14
PubChem-71206825;1;-9.2;14
PubChem-70113756;1;-9.2;17
PubChem-51520430;1;-9.2;6
PubChem-22298208;1;-9.2;10
PubChem-102244728;1;-9.2;6
PubChem-137123355;1;-9.2;10
PubChem-136649559;1;-9.2;10
PubChem-12071252;1;-9.2;10
PubChem-57333038;1;-9.2;14
PubChem-76966409;1;-9.2;13
PubChem-10230851;1;-9.2;8
PubChem-122419623;1;-9.2;7
PubChem-129631900;1;-9.2;12
PubChem-121278725;1;-9.2;14
PubChem-101843643;1;-9.2;10
PubChem-57784169;1;-9.2;6
PubChem-69301968;1;-9.2;16
PubChem-102042851;1;-9.2;9
PubChem-129416168;1;-9.2;6
PubChem-91532528;1;-9.2;11
PubChem-90663929;1;-9.2;11
PubChem-124750656;1;-9.2;4
PubChem-133568293;1;-9.2;6
PubChem-90664006;1;-9.2;11
PubChem-130389815;1;-9.2;6
PubChem-23389076;1;-9.2;13
PubChem-19690913;1;-9.2;11
PubChem-95162702;1;-9.2;5
PubChem-44476976;1;-9.2;4
PubChem-126672081;1;-9.2;13
PubChem-7155310;1;-9.2;6
PubChem-10144419;1;-9.2;9
PubChem-44476886;1;-9.1;5
PubChem-58779271;1;-9.1;9
PubChem-44350032;1;-9.1;7
PubChem-70216258;1;-9.1;8
PubChem-58618742;1;-9.1;9
PubChem-19942785;1;-9.1;16
PubChem-16086606;1;-9.1;9
PubChem-44123526;1;-9.1;11
PubChem-88126728;1;-9.1;15
PubChem-57299130;1;-9.1;9
PubChem-6564993;1;-9.1;7
PubChem-102501447;1;-9.1;9
PubChem-10004820;1;-9.1;13
PubChem-129098935;1;-9.1;11
PubChem-44259845;1;-9.1;10
PubChem-23238338;1;-9.1;16
PubChem-58059756;1;-9.1;8
PubChem-59814370;1;-9.1;9
PubChem-11570564;1;-9.1;10
PubChem-124899806;1;-9.1;10
PubChem-101908978;1;-9.1;6
PubChem-16086547;1;-9.1;10
PubChem-91335890;1;-9.1;22
PubChem-23251880;1;-9.1;14
PubChem-22701997;1;-9.1;14
PubChem-397134;1;-9.1;14
PubChem-57179157;1;-9.1;10
PubChem-57784195;1;-9.1;6
PubChem-5315597;1;-9.1;8
PubChem-308371;1;-9.1;3
PubChem-99567175;1;-9.1;3
PubChem-22849187;1;-9.1;6
PubChem-11764858;1;-9.1;4
PubChem-135404170;1;-9.1;10
PubChem-10168412;1;-9.1;7
PubChem-19948837;1;-9.1;12
PubChem-89440932;1;-9;6
PubChem-44268281;1;-9;14
PubChem-9986042;1;-9;11
PubChem-57783852;1;-9;6
PubChem-88602297;1;-9;5
PubChem-95162834;1;-9;6
PubChem-69319016;1;-9;7
PubChem-71614262;1;-9;7
PubChem-69359938;1;-9;11
PubChem-102527277;1;-9;27
PubChem-11297484;1;-9;11
PubChem-91322360;1;-9;10
PubChem-101936057;1;-9;8
PubChem-21632980;1;-9;8
PubChem-122674369;1;-9;10
PubChem-25001153;1;-9;10
PubChem-66594293;1;-9;12
PubChem-58457987;1;-9;11
PubChem-69480442;1;-9;6
PubChem-87461979;1;-9;7
PubChem-58246738;1;-9;13
PubChem-130195044;1;-9;12
PubChem-91084046;1;-9;11
PubChem-25146993;1;-9;10
PubChem-102111893;1;-9;12
PubChem-126460239;1;-9;14
PubChem-21550832;1;-9;12
PubChem-91091640;1;-9;9
PubChem-44258094;1;-9;7
PubChem-136601167;1;-9;8
PubChem-117640304;1;-9;4
PubChem-57028939;1;-9;12
PubChem-2763155;1;-9;4
PubChem-101542615;1;-9;11
PubChem-44596041;1;-9;21
PubChem-501723;1;-9;13
PubChem-10770055;1;-9;8
PubChem-10324382;1;-9;14
PubChem-66661772;1;-9;7
PubChem-5320470;1;-9;4
PubChem-58246883;1;-9;12
PubChem-101930166;1;-9;10
PubChem-65120131;1;-9;5
PubChem-91014397;1;-8.9;13
PubChem-90808489;1;-8.9;12
PubChem-53354101;1;-8.9;4
PubChem-58703939;1;-8.9;3
PubChem-68584442;1;-8.9;13
PubChem-102366211;1;-8.9;19
PubChem-21128133;1;-8.9;18
PubChem-3025513;1;-8.9;10
PubChem-134222715;1;-8.9;7
PubChem-100929805;1;-8.9;9
PubChem-22524160;1;-8.9;8
PubChem-135023089;1;-8.9;10
PubChem-58843409;1;-8.9;4
PubChem-131750995;1;-8.9;9
PubChem-97934141;1;-8.9;5
PubChem-69985867;1;-8.9;12
PubChem-77108142;1;-8.9;13
PubChem-11388341;1;-8.9;10
PubChem-44547438;1;-8.9;12
PubChem-71557354;1;-8.9;7
PubChem-11568849;1;-8.9;7
PubChem-59002064;1;-8.9;25
PubChem-29028067;1;-8.9;12
PubChem-188923;1;-8.9;7
PubChem-88948181;1;-8.9;26
PubChem-11583280;1;-8.9;7
PubChem-11966833;1;-8.9;10
PubChem-135476270;1;-8.9;13
PubChem-18236470;1;-8.9;12
PubChem-56987140;1;-8.9;16
PubChem-67683601;1;-8.9;13
PubChem-91051563;1;-8.9;11
PubChem-504832;1;-8.9;8
PubChem-10432153;1;-8.9;8
PubChem-21858271;1;-8.9;1
PubChem-25058097;1;-8.9;12
PubChem-11318712;1;-8.9;10
PubChem-57368563;1;-8.9;20
PubChem-95240273;1;-8.9;4
PubChem-90794713;1;-8.8;7
PubChem-134219982;1;-8.8;3
PubChem-59713310;1;-8.8;31
PubChem-91516417;1;-8.8;15
PubChem-21337028;1;-8.8;18
PubChem-89041367;1;-8.8;25
PubChem-25270224;1;-8.8;15
PubChem-19949547;1;-8.8;15
PubChem-118983656;1;-8.8;15
PubChem-91548468;1;-8.8;22
PubChem-101525349;1;-8.8;14
PubChem-72737671;1;-8.8;15
PubChem-101930169;1;-8.8;13
PubChem-74819164;1;-8.8;4
PubChem-135023090;1;-8.8;10
PubChem-6714475;1;-8.8;9
PubChem-102111894;1;-8.8;12
PubChem-21811720;1;-8.8;10
PubChem-121330507;1;-8.8;4
PubChem-69172812;1;-8.8;8
PubChem-24095974;1;-8.8;18
PubChem-28331114;1;-8.8;12
PubChem-68043906;1;-8.8;13
PubChem-19949146;1;-8.8;15
PubChem-57233944;1;-8.8;14
PubChem-112351827;1;-8.8;7
PubChem-137148970;1;-8.8;8
PubChem-68829187;1;-8.8;7
PubChem-102340970;1;-8.8;9
PubChem-89806419;1;-8.8;11
PubChem-21721971;1;-8.8;14
PubChem-101643006;1;-8.8;11
PubChem-7050130;1;-8.8;7
PubChem-45783238;1;-8.8;9
PubChem-70689674;1;-8.8;11
PubChem-11714268;1;-8.8;25
PubChem-118710059;1;-8.8;5
PubChem-10770056;1;-8.8;8
PubChem-124904151;1;-8.8;15
PubChem-23147569;1;-8.8;11
PubChem-134319463;1;-8.8;15
PubChem-59812539;1;-8.8;11
PubChem-66594553;1;-8.8;12
PubChem-130438018;1;-8.8;7
PubChem-71533181;1;-8.7;11
PubChem-70480071;1;-8.7;14
PubChem-71100064;1;-8.7;19
PubChem-71050875;1;-8.7;21
PubChem-16105447;1;-8.7;11
PubChem-131831875;1;-8.7;6
PubChem-19690860;1;-8.7;16
PubChem-89327459;1;-8.7;9
PubChem-21435476;1;-8.7;17
PubChem-134458759;1;-8.7;26
PubChem-44178752;1;-8.7;6
PubChem-44361998;1;-8.7;8
PubChem-50994838;1;-8.7;13
PubChem-14986311;1;-8.7;7
PubChem-69147829;1;-8.7;9
PubChem-118000558;1;-8.7;11
PubChem-123981455;1;-8.7;4
PubChem-133349371;1;-8.7;6
PubChem-129448933;1;-8.7;8
PubChem-93473133;1;-8.7;10
PubChem-71591327;1;-8.7;9
PubChem-86573932;1;-8.7;4
PubChem-5147635;1;-8.7;12
PubChem-70001637;1;-8.7;9
PubChem-132225050;1;-8.7;15
PubChem-89591199;1;-8.7;6
PubChem-132603685;1;-8.7;9
PubChem-89959894;1;-8.7;12
PubChem-19945541;1;-8.7;12
PubChem-91002906;1;-8.7;22
PubChem-135244017;1;-8.7;3
PubChem-42635109;1;-8.7;13
PubChem-42607520;1;-8.7;4
PubChem-87365846;1;-8.7;5
PubChem-54135246;1;-8.7;6
PubChem-66960714;1;-8.7;8
PubChem-53481021;1;-8.7;9
PubChem-18768673;1;-8.7;7
PubChem-58246755;1;-8.7;12
PubChem-57368564;1;-8.7;20
PubChem-129427213;1;-8.7;4
PubChem-70598200;1;-8.7;9
PubChem-42607611;1;-8.7;7
PubChem-23759793;1;-8.7;11
PubChem-24085659;1;-8.7;12
PubChem-44431542;1;-8.6;14
PubChem-442989;1;-8.6;7
PubChem-57325583;1;-8.6;20
PubChem-91093988;1;-8.6;11
PubChem-102519727;1;-8.6;8
PubChem-10884893;1;-8.6;7
PubChem-90920766;1;-8.6;12
PubChem-44215371;1;-8.6;17
PubChem-24069293;1;-8.6;7
PubChem-59935966;1;-8.6;14
PubChem-23844028;1;-8.6;11
PubChem-137419421;1;-8.6;8
PubChem-20052384;1;-8.6;13
PubChem-44190611;1;-8.6;7
PubChem-59197871;1;-8.6;18
PubChem-68085322;1;-8.6;7
PubChem-90658151;1;-8.6;6
PubChem-54362860;1;-8.6;9
PubChem-11081889;1;-8.6;16
PubChem-14332696;1;-8.6;12
PubChem-23628203;1;-8.6;9
PubChem-44577124;1;-8.6;10
PubChem-20001845;1;-8.6;14
PubChem-101245666;1;-8.6;6
PubChem-124824309;1;-8.6;WARNING:
PubChem-102340975;1;-8.6;7
PubChem-110207350;1;-8.6;8
PubChem-123794618;1;-8.6;15
PubChem-77954178;1;-8.6;18
PubChem-44366635;1;-8.6;7
PubChem-101194539;1;-8.6;10
PubChem-22833206;1;-8.6;7
PubChem-67683575;1;-8.6;13
PubChem-71720244;1;-8.6;9
PubChem-125031215;1;-8.6;5
PubChem-126968753;1;-8.6;18
PubChem-101828966;1;-8.6;22
PubChem-131879389;1;-8.6;5
PubChem-121005433;1;-8.6;5
PubChem-89291407;1;-8.6;13
PubChem-11963950;1;-8.6;12
PubChem-60165189;1;-8.6;13
PubChem-137706092;1;-8.6;9
PubChem-44258111;1;-8.6;9
PubChem-66742125;1;-8.6;3
PubChem-124188044;1;-8.6;5
PubChem-71551442;1;-8.6;13
PubChem-121339048;1;-8.6;13
PubChem-124904433;1;-8.6;6
PubChem-18442418;1;-8.6;20
PubChem-164134;1;-8.6;9
PubChem-68253760;1;-8.6;10
PubChem-133264661;1;-8.6;7
PubChem-101667568;1;-8.6;10
PubChem-11170605;1;-8.6;15
PubChem-86670352;1;-8.5;9
PubChem-2246118;1;-8.5;4
PubChem-66428764;1;-8.5;5
PubChem-11757962;1;-8.5;12
PubChem-102439379;1;-8.5;6
PubChem-56714560;1;-8.5;6
PubChem-118085341;1;-8.5;15
PubChem-53795380;1;-8.5;6
PubChem-136934079;1;-8.5;11
PubChem-10298968;1;-8.5;9
PubChem-89457488;1;-8.5;14
PubChem-18240894;1;-8.5;14
PubChem-19951202;1;-8.5;13
PubChem-78054675;1;-8.5;5
PubChem-131704994;1;-8.5;5
PubChem-99661911;1;-8.5;14
PubChem-129539801;1;-8.5;8
PubChem-78079784;1;-8.5;19
PubChem-91851422;1;-8.5;14
PubChem-91637052;1;-8.5;8
PubChem-101808655;1;-8.5;16
PubChem-59114144;1;-8.5;19
PubChem-11167294;1;-8.5;7
PubChem-53308573;1;-8.5;9
PubChem-89912996;1;-8.5;4
PubChem-78225282;1;-8.5;8
PubChem-44385888;1;-8.5;10
PubChem-44268479;1;-8.5;14
PubChem-91311989;1;-8.5;8
PubChem-68617410;1;-8.5;19
PubChem-102521625;1;-8.5;22
PubChem-44463769;1;-8.5;8
PubChem-120793945;1;-8.5;6
PubChem-18173675;1;-8.5;11
PubChem-136084253;1;-8.5;15
PubChem-3775562;1;-8.5;17
PubChem-124711071;1;-8.5;7
PubChem-44593599;1;-8.5;6
PubChem-132205504;1;-8.5;4
PubChem-70027050;1;-8.5;8
PubChem-7903062;1;-8.5;4
PubChem-101629131;1;-8.5;8
PubChem-24058064;1;-8.5;11
PubChem-101828967;1;-8.5;22
PubChem-121685259;1;-8.5;2
PubChem-86340314;1;-8.5;9
PubChem-101395141;1;-8.5;8
PubChem-135640560;1;-8.5;11
PubChem-24978601;1;-8.5;12
PubChem-54430440;1;-8.5;10
PubChem-123831813;1;-8.5;7
PubChem-126968644;1;-8.5;12
PubChem-18493827;1;-8.5;14
PubChem-44188268;1;-8.5;9
PubChem-53797791;1;-8.5;15
PubChem-19946470;1;-8.5;18
PubChem-57486060;1;-8.5;12
PubChem-120373867;1;-8.5;3
PubChem-58725628;1;-8.5;17
PubChem-71315793;1;-8.5;8
PubChem-98548677;1;-8.5;14
PubChem-29977197;1;-8.5;7
PubChem-90376438;1;-8.5;14
PubChem-135742648;1;-8.4;6
PubChem-38361549;1;-8.4;7
PubChem-137350022;1;-8.4;7
PubChem-24085649;1;-8.4;10
PubChem-123332020;1;-8.4;8
PubChem-68872663;1;-8.4;11
PubChem-65106080;1;-8.4;6
PubChem-91494356;1;-8.4;16
PubChem-68985729;1;-8.4;7
PubChem-44311779;1;-8.4;11
PubChem-102128787;1;-8.4;8
PubChem-102403159;1;-8.4;14
PubChem-101594261;1;-8.4;5
PubChem-89041290;1;-8.4;13
PubChem-135448890;1;-8.4;9
PubChem-131983429;1;-8.4;8
PubChem-124905367;1;-8.4;6
PubChem-93473134;1;-8.4;10
PubChem-398070;1;-8.4;8
PubChem-69344988;1;-8.4;13
PubChem-69651899;1;-8.4;20
PubChem-124925177;1;-8.4;12
PubChem-191742;1;-8.4;7
PubChem-68988211;1;-8.4;7
PubChem-14682806;1;-8.4;7
PubChem-131664654;1;-8.4;7
PubChem-20008969;1;-8.4;16
PubChem-131831481;1;-8.4;9
PubChem-90677721;1;-8.4;4
PubChem-131752570;1;-8.4;9
PubChem-50902910;1;-8.4;9
PubChem-44363745;1;-8.4;21
PubChem-21550581;1;-8.4;12
PubChem-79627071;1;-8.4;5
PubChem-92548270;1;-8.4;4
PubChem-102520719;1;-8.4;3
PubChem-51693973;1;-8.4;8
PubChem-122432082;1;-8.4;13
PubChem-87763991;1;-8.4;11
PubChem-69360417;1;-8.4;13
PubChem-85472506;1;-8.4;11
PubChem-101712413;1;-8.4;7
PubChem-11801210;1;-8.4;10
PubChem-51401817;1;-8.4;7
PubChem-132200386;1;-8.4;3
PubChem-124905132;1;-8.4;9
PubChem-91242232;1;-8.4;15
PubChem-90806771;1;-8.4;14
PubChem-12850162;1;-8.4;21
PubChem-129313318;1;-8.4;12
PubChem-124905131;1;-8.4;9
PubChem-71207031;1;-8.4;7
PubChem-193605;1;-8.4;10
PubChem-50939159;1;-8.4;7
PubChem-89242215;1;-8.4;6
PubChem-69998449;1;-8.4;9
PubChem-133549605;1;-8.4;5
PubChem-10251436;1;-8.4;7
PubChem-109877932;1;-8.3;7
PubChem-129880647;1;-8.3;5
PubChem-59456685;1;-8.3;16
PubChem-4470379;1;-8.3;7
PubChem-19946291;1;-8.3;15
PubChem-67591404;1;-8.3;20
PubChem-135849836;1;-8.3;12
PubChem-87984653;1;-8.3;12
PubChem-73772586;1;-8.3;7
PubChem-20046380;1;-8.3;16
PubChem-89225536;1;-8.3;WARNING:
PubChem-101303251;1;-8.3;3
PubChem-101379872;1;-8.3;13
PubChem-124903531;1;-8.3;8
PubChem-60041089;1;-8.3;6
PubChem-54455409;1;-8.3;8
PubChem-11953915;1;-8.3;12
PubChem-102564585;1;-8.3;8
PubChem-57333037;1;-8.3;14
PubChem-123280781;1;-8.3;11
PubChem-22948011;1;-8.3;18
PubChem-136406534;1;-8.3;8
PubChem-67575196;1;-8.3;2
PubChem-70619073;1;-8.3;8
PubChem-6324882;1;-8.3;7
PubChem-65116821;1;-8.3;4
PubChem-124877177;1;-8.3;12
PubChem-66850681;1;-8.3;5
PubChem-135489443;1;-8.3;29
PubChem-67760841;1;-8.3;10
PubChem-44126930;1;-8.3;12
PubChem-45166454;1;-8.3;7
PubChem-95372426;1;-8.3;11
PubChem-24768542;1;-8.3;15
PubChem-25131372;1;-8.3;15
PubChem-5320259;1;-8.3;9
PubChem-20534861;1;-8.3;8
PubChem-131835341;1;-8.3;9
PubChem-100917244;1;-8.3;8
PubChem-13754441;1;-8.3;10
PubChem-99999112;1;-8.3;8
PubChem-59158254;1;-8.3;6
PubChem-59713317;1;-8.3;WARNING:
PubChem-132023533;1;-8.3;18
PubChem-24873787;1;-8.3;13
PubChem-69201821;1;-8.3;15
PubChem-42636279;1;-8.3;12
PubChem-91847693;1;-8.3;6
PubChem-135967778;1;-8.3;13
PubChem-11972349;1;-8.3;13
PubChem-63770330;1;-8.3;5
PubChem-131840394;1;-8.3;16
PubChem-65120181;1;-8.3;5
PubChem-10230186;1;-8.3;8
PubChem-44476585;1;-8.3;6
PubChem-21447661;1;-8.3;13
PubChem-102596096;1;-8.3;7
PubChem-98048917;1;-8.3;7
PubChem-101146605;1;-8.3;9
PubChem-11794834;1;-8.3;6
PubChem-134528568;1;-8.3;7
PubChem-101136805;1;-8.3;15
PubChem-57300181;1;-8.3;6
PubChem-87664612;1;-8.3;15
PubChem-51136494;1;-8.3;9
PubChem-18678599;1;-8.3;11
PubChem-123616523;1;-8.3;11
PubChem-175645;1;-8.3;11
PubChem-100932010;1;-8.3;11
PubChem-101552530;1;-8.3;28
PubChem-134812214;1;-8.3;16
PubChem-130394587;1;-8.3;17
PubChem-24936488;1;-8.3;7
PubChem-91096244;1;-8.3;18
PubChem-90339036;1;-8.3;13
PubChem-126593580;1;-8.2;8
PubChem-21607860;1;-8.2;6
PubChem-19943959;1;-8.2;13
PubChem-23553512;1;-8.2;10
PubChem-102023221;1;-8.2;5
PubChem-130370761;1;-8.2;5
PubChem-72193570;1;-8.2;7
PubChem-91637092;1;-8.2;8
PubChem-62211788;1;-8.2;5
PubChem-134761990;1;-8.2;WARNING:
PubChem-91433142;1;-8.2;5
PubChem-101397548;1;-8.2;6
PubChem-25201180;1;-8.2;12
PubChem-10644099;1;-8.2;5
PubChem-18479473;1;-8.2;16
PubChem-65123571;1;-8.2;4
PubChem-53348663;1;-8.2;10
PubChem-22524547;1;-8.2;10
PubChem-138117844;1;-8.2;WARNING:
PubChem-20052443;1;-8.2;8
PubChem-59779282;1;-8.2;5
PubChem-117244437;1;-8.2;5
PubChem-123579203;1;-8.2;20
PubChem-98125127;1;-8.2;3
PubChem-46194659;1;-8.2;8
PubChem-18242834;1;-8.2;15
PubChem-59874982;1;-8.2;15
PubChem-136603548;1;-8.2;2
PubChem-89150149;1;-8.2;15
PubChem-69781637;1;-8.2;13
PubChem-129686345;1;-8.2;1
PubChem-68988390;1;-8.2;7
PubChem-91418680;1;-8.2;4
PubChem-68986268;1;-8.2;7
PubChem-59812538;1;-8.2;11
PubChem-42618523;1;-8.2;11
PubChem-87055838;1;-8.2;19
PubChem-58607938;1;-8.2;22
PubChem-89575293;1;-8.2;16
PubChem-23669283;1;-8.2;12
PubChem-101012983;1;-8.2;8
PubChem-10625392;1;-8.2;6
PubChem-67876752;1;-8.2;21
PubChem-91250165;1;-8.2;9
PubChem-136242728;1;-8.2;28
PubChem-138314099;1;-8.2;32
PubChem-133612071;1;-8.2;3
PubChem-135204133;1;-8.2;4
PubChem-54744180;1;-8.2;9
PubChem-10346156;1;-8.2;6
PubChem-23757183;1;-8.2;7
PubChem-68377179;1;-8.2;8
PubChem-42634933;1;-8.2;9
PubChem-42638457;1;-8.2;10
PubChem-11475255;1;-8.2;7
PubChem-22298499;1;-8.2;23
PubChem-18498154;1;-8.2;13
PubChem-4980164;1;-8.2;11
PubChem-23562502;1;-8.2;2
PubChem-130177349;1;-8.2;24
PubChem-138291876;1;-8.2;WARNING:
PubChem-133016849;1;-8.2;32
PubChem-132089908;1;-8.2;7
PubChem-70284600;1;-8.2;12
PubChem-9850612;1;-8.2;16
PubChem-123986954;1;-8.2;9
PubChem-138232510;1;-8.2;WARNING:
PubChem-88484967;1;-8.2;15
PubChem-124582759;1;-8.2;7
PubChem-121005083;1;-8.2;4
PubChem-133562250;1;-8.2;11
PubChem-101120878;1;-8.2;7
PubChem-122651936;1;-8.2;14
PubChem-131835718;1;-8.2;7
PubChem-138278526;1;-8.2;28
PubChem-69358986;1;-8.2;10
PubChem-68988389;1;-8.2;7
PubChem-44359584;1;-8.2;9
PubChem-135964698;1;-8.2;8
PubChem-124867965;1;-8.2;10
PubChem-136215642;1;-8.2;12
PubChem-90664064;1;-8.2;22
PubChem-57365288;1;-8.2;14
PubChem-46876869;1;-8.2;11
PubChem-135142504;1;-8.2;14
PubChem-133560725;1;-8.2;7
PubChem-72712217;1;-8.2;10
PubChem-58059776;1;-8.2;7
PubChem-62895434;1;-8.2;5
PubChem-102419575;1;-8.2;14
PubChem-133541358;1;-8.2;10
PubChem-102420684;1;-8.2;9
PubChem-68576271;1;-8.2;16
PubChem-102068586;1;-8.2;9
PubChem-101299419;1;-8.2;1
PubChem-3049767;1;-8.2;9
PubChem-53262826;1;-8.2;24
PubChem-24029388;1;-8.1;9
PubChem-12314350;1;-8.1;11
PubChem-89863049;1;-8.1;9
PubChem-67437032;1;-8.1;21
PubChem-12942940;1;-8.1;6
PubChem-117655964;1;-8.1;22
PubChem-133554354;1;-8.1;7
PubChem-87835294;1;-8.1;16
PubChem-71556217;1;-8.1;11
PubChem-10225870;1;-8.1;10
PubChem-58771307;1;-8.1;0
PubChem-11317861;1;-8.1;9
PubChem-123639548;1;-8.1;8
PubChem-102155803;1;-8.1;9
PubChem-11661400;1;-8.1;10
PubChem-72659117;1;-8.1;27
PubChem-23428114;1;-8.1;10
PubChem-79650605;1;-8.1;5
PubChem-70066359;1;-8.1;13
PubChem-110208112;1;-8.1;8
PubChem-16131892;1;-8.1;10
PubChem-89321976;1;-8.1;3
PubChem-134214464;1;-8.1;2
PubChem-42634932;1;-8.1;8
PubChem-44586970;1;-8.1;12
PubChem-19949132;1;-8.1;16
PubChem-77646481;1;-8.1;15
PubChem-71473322;1;-8.1;7
PubChem-44448020;1;-8.1;15
PubChem-138155027;1;-8.1;WARNING:
PubChem-88832641;1;-8.1;11
PubChem-107734678;1;-8.1;4
PubChem-91179159;1;-8.1;8
PubChem-69735056;1;-8.1;8
PubChem-44323522;1;-8.1;13
PubChem-11539633;1;-8.1;6
PubChem-19951924;1;-8.1;11
PubChem-17586401;1;-8.1;9
PubChem-134729641;1;-8.1;31
PubChem-9981085;1;-8.1;19
PubChem-69172725;1;-8.1;7
PubChem-9910385;1;-8.1;10
PubChem-161694;1;-8.1;5
PubChem-25189194;1;-8.1;20
PubChem-90338916;1;-8.1;11
PubChem-134492143;1;-8.1;7
PubChem-59552985;1;-8.1;7
PubChem-68555788;1;-8.1;12
PubChem-18250430;1;-8.1;14
PubChem-11114259;1;-8.1;13
PubChem-91296755;1;-8.1;11
PubChem-15709539;1;-8.1;0
PubChem-90850239;1;-8.1;14
PubChem-101458517;1;-8.1;9
PubChem-138315804;1;-8.1;31
PubChem-57673774;1;-8.1;24
PubChem-13889652;1;-8.1;7
PubChem-117750546;1;-8.1;15
PubChem-88972605;1;-8.1;14
PubChem-10816488;1;-8.1;10
PubChem-44414821;1;-8.1;18
PubChem-20014948;1;-8.1;10
PubChem-138293614;1;-8.1;WARNING:
PubChem-122211022;1;-8.1;9
PubChem-134174408;1;-8.1;12
PubChem-90886198;1;-8.1;13
PubChem-126734182;1;-8.1;10
PubChem-13962915;1;-8.1;13
PubChem-85274305;1;-8.1;7
PubChem-35024006;1;-8.1;14
PubChem-107221670;1;-8.1;5
PubChem-54677010;1;-8.1;8
PubChem-70995019;1;-8.1;8
PubChem-70387120;1;-8.1;25
PubChem-129192019;1;-8.1;3
PubChem-101930401;1;-8.1;12
PubChem-88211895;1;-8.1;19
PubChem-20018919;1;-8.1;13
PubChem-54718713;1;-8.1;6
PubChem-2018723;1;-8.1;9
PubChem-18495002;1;-8.1;15
PubChem-71222090;1;-8.1;9
PubChem-134765320;1;-8.1;WARNING:
PubChem-24830485;1;-8.1;23
PubChem-137488326;1;-8.1;10
PubChem-60071751;1;-8.1;11
PubChem-22297415;1;-8.1;7
PubChem-22659585;1;-8.1;14
PubChem-68986251;1;-8.1;8
PubChem-112350874;1;-8.1;6
PubChem-57720182;1;-8.1;10
PubChem-54222101;1;-8;21
PubChem-138302887;1;-8;20
PubChem-137383790;1;-8;10
PubChem-15725660;1;-8;16
PubChem-124146612;1;-8;31
PubChem-68984948;1;-8;6
PubChem-101769341;1;-8;7
PubChem-100017278;1;-8;8
PubChem-79634592;1;-8;6
PubChem-53360092;1;-8;14
PubChem-89013693;1;-8;11
PubChem-44452048;1;-8;6
PubChem-42634931;1;-8;7
PubChem-132206443;1;-8;5
PubChem-44219740;1;-8;8
PubChem-69412490;1;-8;7
PubChem-87254429;1;-8;10
PubChem-60087048;1;-8;20
PubChem-130330386;1;-8;5
PubChem-17755045;1;-8;25
PubChem-102123492;1;-8;11
PubChem-57764689;1;-8;16
PubChem-91858092;1;-8;11
PubChem-21550270;1;-8;20
PubChem-138175415;1;-8;WARNING:
PubChem-53946447;1;-8;20
PubChem-80095480;1;-8;6
PubChem-138255217;1;-8;18
PubChem-129905285;1;-8;11
PubChem-135300706;1;-8;WARNING:
PubChem-138249824;1;-8;32
PubChem-125416115;1;-8;10
PubChem-23805324;1;-8;13
PubChem-124163997;1;-8;24
PubChem-21361250;1;-8;18
PubChem-90664008;1;-8;WARNING:
PubChem-138202265;1;-8;WARNING:
PubChem-71427153;1;-8;11
PubChem-124900422;1;-8;4
PubChem-117240679;1;-8;5
PubChem-57908358;1;-8;9
PubChem-100953222;1;-8;11
PubChem-10485632;1;-8;24
PubChem-69440821;1;-8;7
PubChem-6325773;1;-8;7
PubChem-138306656;1;-8;32
PubChem-59779280;1;-8;5
PubChem-90800821;1;-8;7
PubChem-138273133;1;-8;WARNING:
PubChem-70188935;1;-8;17
PubChem-131841012;1;-8;17
PubChem-137439883;1;-8;WARNING:
PubChem-100984259;1;-8;WARNING:
PubChem-71694420;1;-8;11
PubChem-129060656;1;-8;7
PubChem-90469967;1;-8;14
PubChem-57741045;1;-8;10
PubChem-123886633;1;-8;9
PubChem-102263111;1;-8;7
PubChem-22524397;1;-8;14
PubChem-101387703;1;-8;20
PubChem-85149933;1;-8;13
PubChem-69445813;1;-8;5
PubChem-11814492;1;-8;23
PubChem-102276951;1;-8;13
PubChem-9977414;1;-8;8
PubChem-129448077;1;-8;4
PubChem-89473179;1;-8;8
PubChem-122165044;1;-8;2
PubChem-44231023;1;-8;8
PubChem-70679074;1;-8;WARNING:
PubChem-11800539;1;-8;12
PubChem-59223462;1;-8;14
PubChem-134763863;1;-8;32
PubChem-44597810;1;-8;0
PubChem-83357187;1;-8;1
PubChem-138258079;1;-8;31
PubChem-136020446;1;-8;7
PubChem-381748;1;-8;3
PubChem-46210881;1;-8;7
PubChem-101709357;1;-8;17
PubChem-131831577;1;-8;2
PubChem-90311944;1;-8;7
PubChem-24850407;1;-8;6
PubChem-11048334;1;-8;6
PubChem-134495574;1;-8;11
PubChem-134750035;1;-8;32
PubChem-59335267;1;-8;26
PubChem-67677762;1;-8;11
